State,County,Name,Contact Info,Billing Street 1,City,State,Zipcode,Types Accepted,Restrictions,Transportation,Steps,URL,Donation link,Counties served
Alaska,Anchorage Municipality,"Food Bank of Alaska, Inc.",907.272.3663,2192 Viking Drive,Anchorage,AK,99501,,,,,www.foodbankofalaska.org/,https://interland3.donorperfect.net/weblink/weblink.aspx?name=E1503&id=7,"Aleutians East, Aleutians West, Anchorage, Bethel, Bristol Bay, Denali, Dillingham, Fairbanks North Star, Haines, Hoonah Angoon, Juneau, Kenai Peninsula, Ketchikan Gateway, Kodiak Island, Kusilvak, Lake And Peninsula, Matanuska-Susitna, Nome, North Slope, Northwest Arctic, Petersburg, Prince Of Wales-Hyder, Sitka, Skagway, Southeast Fairbanks, Wrangell City And Borough, Yakutat, Yukon-Koyukuk"
Alabama,Jefferson County,Community Food Bank of Central Alabama,205.942.8911,107 Walter Davis Drive,Birmingham,AL,35209,,,,,www.feedingal.org/,https://www.feedingal.org/donate/,"Blount, Calhoun, Cherokee, Clay, Cleburne, Etowah, Jefferson, St. Clair, Shelby, Talladega, Walker, Winston"
Alabama,Madison County,Food Bank of North Alabama,256.539.2256,"2000 B. Vernon Ave., P.O. Box 18607",Huntsville,AL,35805,,,,,www.foodbanknorthal.org/,https://donatenow.networkforgood.org/foodbanknorthal,"Colbert, Cullman, Dekalb, Franklin, Jackson, Lauderdale, Lawrence, Limestone, Madison, Marshall, Morgan"
Alabama,Montgomery County,Montgomery Area Food Bank,334.263.3784,521 Trade Center Street,Montgomery,AL,36108,,,,,mafb.org,https://mafb.kindful.com/,"Autauga, Barbour, Bibb, Bullock, Butler, Chambers, Chilton, Coffee, Coosa, Crenshaw, Dale, Dallas, Elmore, Fayette, Geneva, Greene, Hale, Henry, Houston, Lamar, Lee, Lowndes, Macon, Marengo, Marion, Montgomery, Perry, Pickens, Pike, Randolph, Sumter, Tallapoosa, Tuscaloosa, Wilcox"
Alabama,Mobile County,Feeding the Gulf Coast,251.653.1617,5248 Mobile South Street,Theodore,AL,36582,,,,,www.feedingthegulfcoast.org,https://www.feedingthegulfcoast.org/donate-now,"Baldwin, Choctaw, Clarke, Conecuh, Covington, Escambia, Mobile, Monroe, Washington, Bay, Escambia, Holmes, Okaloosa, Santa Rosa, Walton, Washington, George, Greene, Hancock, Harrison, Jackson, Pearl River, Perry, Stone"
Arkansas,Washington County,Northwest Arkansas Food Bank,479.872.8774,1378 June Self Drive,Bethel Heights,AR,72764,,,,,www.NWAfoodbank.org,https://interland3.donorperfect.net/weblink/WebLink.aspx?name=E334837&id=12,"Benton, Carroll, Madison, Washington"
Arkansas,Sebastian County,River Valley Regional Food Bank,479.785.0582,"1617 South Zero Street, PO Box 180070",Ft. Smith,AR,72918,,,,,www.rvrfoodbank.org/,https://www.rvrfoodbank.org/donate/,"Crawford, Franklin, Johnson, Logan, Polk, Scott, Sebastian, Yell"
Arkansas,Craighead County,Food Bank of Northeast Arkansas,870.932.3663,"3414 One Place, P.O. Box 2097",Jonesboro,AR,72402,,,,,www.foodbankofnea.org,https://interland3.donorperfect.net/weblink/WebLink.aspx?name=E333681&id=13,"Baxter, Boone, Clay, Craighead, Cross, Fulton, Greene, Izard, Jackson, Lawrence, Marion, Mississippi, Newton, Poinsett, Randolph, St. Francis, Searcy, Sharp, Stone, Woodruff"
Arkansas,Pulaski County,Arkansas Foodbank,859.255.6592,4301 W 65th St,Little Rock,AR,72209,,,,,arkansasfoodbank.org/,https://interland3.donorperfect.net/weblink/weblink.aspx?name=E202274&id=44,"Arkansas, Ashley, Bradley, Calhoun, Chicot, Clark, Cleburne, Cleveland, Conway, Dallas, Desha, Drew, Faulkner, Garland, Grant, Hot Spring, Independence, Jefferson, Lee, Lincoln, Lonoke, Monroe, Montgomery, Ouachita, Perry, Phillips, Pope, Prairie, Pulaski, Saline, Union, Van Buren, White"
Arkansas,Miller County,"Harvest Regional Food Bank, Inc.",870.774.1398,"3120 East 19th Street, P.O. Box 707",Texarkana,AR,71854,,,,,www.harvestregionalfoodbank.org,https://www.harvestregionalfoodbank.org/donate,"Columbia, Hempstead, Howard, Lafayette, Little River, Miller, Nevada, Pike, Sevier, Bowie"
Arizona,Maricopa County,United Food Bank,480.926.4897,245 South Nina Drive,Mesa,AZ,85210,,,,,www.unitedfoodbank.org/,https://give.unitedfoodbank.org/campaign/2022-online-donations/c433831,"Apache, Gila, Maricopa, Navajo, Pinal"
Arizona,Maricopa County,St. Marys Food Bank,602.352.3640,2831 N. 31st Avenue,Phoenix,AZ,85009,,,,,www.firstfoodbank.org/,https://www.firstfoodbank.org/give/,"Apache, Coconino, Maricopa, Mohave, Navajo, Pinal, Yavapai"
Arizona,Pima County,Community Food Bank of Southern Arizona,520.622.0525,3003 South Country Club Road,Tucson,AZ,85713,,,,,www.communityfoodbank.org/,https://donate.communityfoodbank.org/give/111894/#!/donation/checkout,"Cochise, Graham, Greenlee, Pima, Santa Cruz"
Arizona,Yuma County,Yuma Community Food Bank,928.343.1243,2404 E 24th St. Ste. A,Yuma,AZ,85365,,,,,www.yumafoodbank.org,https://www.yumafoodbank.org/donate.html,"La Paz, Yuma"
California,Contra Costa County,Food Bank of Contra Costa and Solano,925.676.7543,4010 Nelson Ave,Concord,CA,94520,,,,,www.foodbankccs.org,https://www.foodbankccs.org/give-help.html,"Butte, Colusa, Contra Costa, Glenn, Lassen, Modoc, Napa, Plumas, Sacramento, Shasta, Sierra, Siskiyou, Solano, Sutter, Tehama, Trinity, Yolo, Yuba"
California,Fresno County,Central California Food Bank,559.237.2527,4010 E. Amendola Ave.,Fresno,CA,93725,,,,,ccfoodbank.org/,https://ccfoodbank.org/ways-to-give/,"Fresno, Kern, Kings, Madera, Tulare"
California,Riverside County,FIND Food Bank,760.775.3663,"83-775 Citrus Ave, P.O. Box 10080",Indio,CA,92202,,,,,www.FINDfoodbank.org,https://www.findfoodbank.org/donate/,"Imperial, Riverside, San Bernardino"
California,Orange County,Second Harvest Food Bank of Orange County,949.653.2900,8014 Marine Way,Irvine,CA,92618,,,,,www.feedoc.org/,https://www.feedoc.org/donate/,Orange
California,Los Angeles County,Los Angeles Regional Food Bank,323.234.3030,1734 E. 41st Street,Los Angeles,CA,90058,,,,,www.lafoodbank.org,https://www.lafoodbank.org/donate/,Los Angeles
California,San Joaquin County,Second Harvest of the Greater Valley,209.239.2091,1220 Vanderbilt Cir,Manteca,CA,95337,,,,,www.localfoodbank.org/,https://localfoodbank.org/donate-now/,"Alpine, Amador, Calaveras, Mariposa, Merced, San Joaquin, Stanislaus, Tuolumne"
California,Alameda County,Alameda County Community Food Bank,510.635.3663,"7900 Edgewater Drive, P.O. Box 2599",Oakland,CA,94621,,,,,www.accfb.org/,https://donate.accfb.org/,Alameda
California,Ventura County,"Food Share, Inc.",805.983.7100,4156 Southbank Road,Oxnard,CA,93036,,,,,foodshare.com/,https://foodshare.com/donate-now/,Ventura
California,Riverside County,Feeding America Riverside | San Bernardino Counties,951.359.4757,2950 - A Jefferson Street,Riverside,CA,92504,,,,,www.feedingamericaie.org/,https://www.feedingamericaie.org/donate,"Riverside, San Bernardino"
California,Placer County,Placer Food Bank,916.783.0481,8284 Industrial Ave,Roseville,CA,95678,,,,,www.placerfoodbank.org,https://donate.placerfoodbank.org/,"El Dorado, Nevada, Placer"
California,Monterey County,Food Bank for Monterey County,831.758.1523,"815 W. Market Street, Suite 5",Salinas,CA,93901,,,,,www.foodbankformontereycounty.org,https://www.foodbankformontereycounty.org/donate/,Monterey
California,San Diego County,Feeding San Diego,858.452.3663,"9477 Waples Street, Suite 100",San Diego,CA,92121,,,,,www.feedingsandiego.org,https://feedingsandiego.org/get-involved/donate-funds/,San Diego
California,San Francisco County,SF-Marin Food Bank,415.282.1900,900 Pennsylvania Avenue,San Francisco,CA,94107,,,,,www.sfmfoodbank.org,https://donate.sfmfoodbank.org/page/5009/donate/1?ea.tracking.id=monthly&typePreselect=monthly&_ga=2.119456267.34061887.1619624533-1754746494.1618423100,"Marin, San Francisco"
California,Santa Clara County,Second Harvest of Silicon Valley,408.266.8866,750 Curtner Avenue,San Jose,CA,95125,,,,,www.SHFB.org,https://www.shfb.org/give-help/donate-funds/,"San Mateo, Santa Clara"
California,Santa Barbara County,Foodbank of Santa Barbara County,805.967.5741,4554 Hollister Avenue,Santa Barbara,CA,93110,,,,,www.foodbanksbc.org,https://www.foodbanksbc.org/give-help/,"San Luis Obispo, Santa Barbara"
California,Sonoma County,Redwood Empire Food Bank,707.523.7900,3990 Brickway Blvd,Santa Rosa,CA,95403,,,,,www.refb.org,https://interland3.donorperfect.net/weblink/WebLink.aspx?name=redempire&id=89,"Del Norte, Humboldt, Lake, Mendocino, Sonoma"
California,Santa Cruz County,Second Harvest Food Bank Santa Cruz County,831.722.7110,800 Ohlone Parkway,Watsonville,CA,95076,,,,,www.thefoodbank.org/,https://www.giveffect.com/checkout/4360,"San Benito, Santa Cruz"
Colorado,El Paso County,Care and Share Food Bank,719.528.1247,2605 Preamble Point,Colorado Springs,CO,80915,,,,,careandshare.org/,https://careandshare.org/donate/,"Alamosa, Archuleta, Baca, Bent, Chaffee, Cheyenne, Conejos, Costilla, Crowley, Custer, Dolores, El Paso, Fremont, Gunnison, Hinsdale, Huerfano, Kiowa, La Plata, Las Animas, Lincoln, Mineral, Montezuma, Otero, Ouray, Prowers, Pueblo, Rio Grande, Saguache, San Juan, San Miguel, Teller"
Colorado,Denver County,Food Bank of the Rockies,303.371.9250,10700 E. 45th Ave,Denver,CO,80239,,,,,www.foodbankrockies.org,https://www.foodbankrockies.org/give/give-funds/,"Adams, Arapahoe, Clear Creek, Delta, Denver, Douglas, Eagle, Elbert, Garfield, Gilpin, Grand, Jackson, Jefferson, Kit Carson, Lake, Lincoln, Logan, Mesa, Moffat, Montrose, Morgan, Park, Phillips, Pitkin, Rio Blanco, Routt, Sedgwick, Summit, Washington, Yuma, Albany, Big Horn, Campbell, Carbon, Converse, Crook, Fremont, Goshen, Hot Springs, Johnson, Laramie, Lincoln, Natrona, Niobrara, Park, Platte, Sheridan, Sublette, Sweetwater, Teton, Uinta, Washakie, Weston"
Colorado,Weld County,Weld Food Bank,970.356.2199,1108 H Street,Greeley,CO,80631,,,,,www.weldfoodbank.org,https://weldfoodbank.org/donate-now/,Weld
Colorado,Boulder County,Community Food Share,303.652.3663,650 S. Taylor Ave.,Louisville,CO,80027,,,,,communityfoodshare.org/,https://communityfoodshare.org/donate/,"Boulder, Broomfield"
Colorado,Larimer County,Food Bank for Larimer County,970.493.4477,5706 Wright Drive,Loveland,CO,80538,,,,,www.foodbanklarimer.org,https://foodbanklarimer.org/donate-money/,Larimer
Connecticut,Hartford County,Foodshare,860.286.9999,450 Woodland Avenue,Bloomfield,CT,06002,,,,,www.foodshare.org,https://site.foodshare.org/donate,
Connecticut,New Haven County,Connecticut Foodshare,203.469.5000,2 Research Parkway,Wallingford,CT,06492,,,,,www.ctfoodshare.org/,https://secure3.convio.net/fdshr/site/Donation2?idb=0&df_id=9003&mfc_pref=T&9003.donation=form1,"Fairfield, Hartford, Litchfield, Middlesex, New Haven, New London, Tolland, Windham"
District of Columbia,District of Columbia,Capital Area Food Bank,202.644.9800,4900 Puerto Rico Ave NE,Washington,DC,20017,,,,,www.capitalareafoodbank.org/,https://give.capitalareafoodbank.org/give/324509/#!/donation/checkout,"District Of Columbia, Montgomery, Prince George'S, Arlington, Fairfax, Prince William, Alexandria (City), Fairfax (City), Falls Church (City), Manassas (City), Manassas Park (City)"
Delaware,New Castle County,Food Bank of Delaware,302.292.1305,222 Lake Drive,Newark,DE,19702,,,,,www.fbd.org,https://www.fbd.org/get-involved/donate-money/,"Kent, New Castle, Sussex"
Florida,Lee County,Harry Chapin Food Bank of Southwest Florida,239.334.7007,3760 Fowler St.,Ft. Myers,FL,33901,,,,,www.harrychapinfoodbank.org,https://donate.harrychapinfoodbank.org/,"Charlotte, Collier, Glades, Hendry, Lee"
Florida,St. Lucie County,Treasure Coast Food Bank,772.489.3034,401 Angle Rd.,Ft. Pierce,FL,34947,,,,,www.stophunger.org,https://treasurecoastfoodbank.salsalabs.org/give,"Indian River, Martin, Okeechobee, St. Lucie"
Florida,Duval County,Feeding Northeast Florida,904.513.1333,"1116 Edgewood Avenue North, Units D and E",Jacksonville,FL,32254,,,,,www.FeedingNEFL.org,https://feedingnefl.networkforgood.com/projects/6180-providing-food-to-families-who-struggle-with-hunger,"Baker, Bradford, Clay, Duval, Flagler, Nassau, Putnam, St. Johns"
Florida,Orange County,Second Harvest Food Bank of Central Florida,407.295.1066,411 Mercy Drive,Orlando,FL,32805,,,,,www.feedhopenow.org/,https://www.feedhopenow.org/site/Donation2?idb=0&df_id=6729&mfc_pref=T&6729.donation=form1&creative=donatenow,"Alachua, Brevard, Gilchrist, Lake, Levy, Marion, Orange, Osceola, Seminole, Union, Volusia"
Florida,Broward County,Feeding South Florida,954.518.1818,2501 SW 32 Terrace,Pembroke Park,FL,33023,,,,,feedingsouthflorida.org/,https://feedingsouthflorida.org/donate/,"Broward, Miami-Dade, Monroe, Palm Beach"
Florida,Sarasota County,All Faiths Food Bank,941.379.6333,8171 Blaikie Ct.,Sarasota,FL,34240,,,,,www.allfaithsfoodbank.org,https://www.allfaithsfoodbank.org/donate/,"De Soto, Sarasota"
Florida,Leon County,"Second Harvest of the Big Bend, Inc.",850.562.3033,4446 Entrepot Blvd,Tallahassee,FL,32310,,,,,fightinghunger.org/,https://fightinghunger.org/donate-now/,"Calhoun, Columbia, Dixie, Franklin, Gadsden, Gulf, Hamilton, Jackson, Jefferson, Lafayette, Leon, Liberty, Madison, Suwannee, Taylor, Wakulla"
Florida,Hillsborough County,Feeding Tampa Bay,813.254.1190,"4702 Transport Dr., Bldg. 6",Tampa,FL,33605,,,,,feedingtampabay.org,https://feedingtampabay.org/donate/,"Citrus, Hardee, Hernando, Highlands, Hillsborough, Manatee, Pasco, Pinellas, Polk, Sumter"
Georgia,Clarke County,Food Bank of Northeast Georgia,706.354.8191,"861 Newton Bridge Road, P.O. Box 48857",Athens,GA,30607,,,,,foodbanknega.org/,https://foodbanknega.org/contact/donate/,"Banks, Barrow, Clarke, Franklin, Habersham, Hart, Jackson, Madison, Oconee, Oglethorpe, Rabun, Stephens, Towns, White"
Georgia,Fulton County,Atlanta Community Food Bank,404.892.9822,3400 N Desert Dr,Atlanta,GA,30344,,,,,www.acfb.org,https://engage.acfb.org/site/Donation2?df_id=8747&8747.donation=form1&_ga=2.164470136.651641069.1619627268-1712558125.1618266223,"Bartow, Butts, Carroll, Cherokee, Clayton, Cobb, Coweta, Dawson, Dekalb, Douglas, Fayette, Floyd, Forsyth, Fulton, Gwinnett, Hall, Haralson, Heard, Henry, Lumpkin, Morgan, Newton, Paulding, Pickens, Polk, Rockdale, Spalding, Union, Walton"
Georgia,Richmond County,Golden Harvest Food Bank,706.736.1199,3310 Commerce Drive,Augusta,GA,30909,,,,,goldenharvest.org/,https://goldenharvest.org/donate/,"Burke, Columbia, Elbert, Emanuel, Glascock, Greene, Hancock, Jefferson, Jenkins, Johnson, Lincoln, Mc Duffie, Putnam, Richmond, Screven, Taliaferro, Warren, Washington, Wilkes, Aiken, Allendale, Bamberg, Barnwell, Edgefield, Mc Cormick"
Georgia,Bibb County,Middle Georgia Community Food Bank,478.742.3958,"4490 Ocmulgee East Boulevard, PO Box 5024",Macon,GA,31217,,,,,mgcfb.org/,https://donatenow.networkforgood.org/mgcfb?code=webdonate,"Baldwin, Bibb, Bleckley, Crawford, Dodge, Dooly, Houston, Jasper, Jones, Lamar, Laurens, Macon, Monroe, Peach, Pike, Pulaski, Taylor, Telfair, Treutlen, Twiggs, Upson, Wheeler, Wilcox, Wilkinson"
Georgia,Muscogee County,Feeding the Valley Food Bank,706.561.4755,6744 Flat Rock Road,Midland,GA,31820,,,,,www.feedingthevalley.org,https://feedingthevalley.org/ways-to-give/,"Russell, Calhoun, Chattahoochee, Clay, Dougherty, Harris, Lee, Marion, Meriwether, Muscogee, Quitman, Randolph, Schley, Stewart, Talbot, Terrell, Troup, Webster"
Georgia,Chatham County,"America's Second Harvest of Coastal Georgia, Inc.",912.236.6750,2501 East President Street,Savannah,GA,31404,,,,,www.helpendhunger.org,https://www.helpendhunger.org/take-action/donate/,"Appling, Bacon, Brantley, Bryan, Bulloch, Camden, Candler, Charlton, Chatham, Effingham, Evans, Glynn, Jeff Davis, Liberty, Long, Mc Intosh, Montgomery, Pierce, Tattnall, Toombs, Wayne"
Georgia,Lowndes County,"Second Harvest of South Georgia, Inc",229.244.2678,1411 Harbin Circle,Valdosta,GA,31601,,,,,www.feedingsga.org,https://feedingsga.org/give/,"Atkinson, Baker, Ben Hill, Berrien, Brooks, Clinch, Coffee, Colquitt, Cook, Crisp, Decatur, Early, Echols, Grady, Irwin, Lanier, Lowndes, Miller, Mitchell, Seminole, Sumter, Thomas, Tift, Turner, Ware, Worth"
Hawaii,Honolulu County,"Hawaii Foodbank, Inc.",808.836.3600,2611 Kilihau St,Honolulu,HI,96819,,,,,hawaiifoodbank.org/,https://hawaiifoodbank.org/help/donate,"Hawaii, Honolulu, Kalawao, Kauai, Maui"
Iowa,Scott County,River Bend Food Bank,563.345.6490,4010 Kimmel Drive,Davenport,IA,52802,,,,,riverbendfoodbank.org/,https://riverbendfoodbank.org/give,"Bureau, Carroll, Fulton, Hancock, Henderson, Henry, Jo Daviess, Knox, La Salle, Lee, Mc Donough, Marshall, Mercer, Putnam, Rock Island, Stark, Warren, Whiteside, Clinton, Dubuque, Jackson, Muscatine, Scott"
Iowa,Polk County,Food Bank of Iowa,515.564.0330,"2220 E. 17th Street, P.O. Box 1517",Des Moines,IA,50316,,,,,www.foodbankiowa.org/,https://www.foodbankiowa.org/donatenow,"Adair, Adams, Appanoose, Audubon, Boone, Buena Vista, Calhoun, Carroll, Cerro Gordo, Clarke, Clay, Dallas, Davis, Decatur, Des Moines, Dickinson, Emmet, Franklin, Greene, Guthrie, Hamilton, Hancock, Hardin, Henry, Humboldt, Jasper, Jefferson, Keokuk, Kossuth, Lee, Louisa, Lucas, Madison, Mahaska, Marion, Marshall, Monroe, O'Brien, Osceola, Palo Alto, Pocahontas, Polk, Ringgold, Sac, Story, Taylor, Union, Van Buren, Wapello, Warren, Wayne, Webster, Winnebago, Worth, Wright"
Iowa,Linn County,HACAP Food Reservoir,319.393.7811,"1515 Hawkeye Drive, PO Box 490",Hiawatha,IA,52233,,,,,www.hacap.org/,https://www.hacap.org/how-help/donate,"Benton, Cedar, Iowa, Johnson, Jones, Linn, Washington"
Iowa,Black Hawk County,Northeast Iowa Food Bank,319.235.0507,"1605 Lafayette Steet, PO Box 2397",Waterloo,IA,50703,,,,,www.neifb.org/,https://www.neifb.org/get-involved/donate,"Allamakee, Black Hawk, Bremer, Buchanan, Butler, Chickasaw, Clayton, Delaware, Fayette, Floyd, Grundy, Howard, Mitchell, Poweshiek, Tama, Winneshiek"
Idaho,Ada County,The Idaho Foodbank,208.336.9643,3630 E Commercial Ct,Meridian,ID,83642,,,,,www.idahofoodbank.org,https://idahofoodbank.org/give/money/,"Ada, Adams, Bannock, Bear Lake, Bingham, Blaine, Boise, Bonneville, Butte, Camas, Canyon, Caribou, Cassia, Clark, Clearwater, Custer, Elmore, Franklin, Fremont, Gem, Gooding, Idaho, Jefferson, Jerome, Latah, Lemhi, Lewis, Lincoln, Madison, Minidoka, Nez Perce, Oneida, Owyhee, Payette, Power, Teton, Twin Falls, Valley, Washington"
Illinois,Cook County,Greater Chicago Food Depository,773.247.3663,4100 West Ann Lurie Place,Chicago,IL,60632,,,,,www.chicagosfoodbank.org/,https://www.chicagosfoodbank.org/financial-support/,Cook
Illinois,Kane County,Northern Illinois Food Bank,630.443.6910,273 Dearborn Court,Geneva,IL,60134,,,,,www.SolveHungerToday.org,https://secure3.convio.net/nifb/site/Donation2?df_id=5783&mfc_pref=T&5783.donation=form1&_ga=2.80410519.1619111889.1619628426-1188383974.1619628426,"Boone, Dekalb, Du Page, Grundy, Kane, Kankakee, Kendall, Lake, Mc Henry, Ogle, Stephenson, Will, Winnebago"
Illinois,Sangamon County,Central Illinois Foodbank,217.522.4022,1937 E. Cook St.,Springfield,IL,62703,,,,,www.centralilfoodbank.org/,https://www.centralilfoodbank.org/donate-now/,"Adams, Bond, Brown, Cass, Christian, Effingham, Fayette, Greene, Jefferson, Logan, Macon, Macoupin, Marion, Menard, Montgomery, Morgan, Pike, Sangamon, Schuyler, Scott, Shelby"
Illinois,Champaign County,Eastern Illinois Foodbank,217.328.3663,2405 North Shore Drive,Urbana,IL,61802,,,,,www.eifoodbank.org,https://www.eifoodbank.org/action/donate/donate.html,"Champaign, Clark, Clay, Coles, Crawford, Cumberland, De Witt, Douglas, Edgar, Ford, Iroquois, Jasper, Livingston, Mc Lean, Mason, Moultrie, Peoria, Piatt, Tazewell, Vermilion, Woodford"
Indiana,Monroe County,Hoosier Hills Food Bank,812.334.8374,"2333 West Industrial Park Drive, PO Box 697",Bloomington,IN,47404,,,,,www.hhfoodbank.org,https://www.hhfoodbank.org/donate/,"Brown, Lawrence, Martin, Monroe, Orange, Owen"
Indiana,Vanderburgh County,"Tri-State Food Bank, Inc.",812.425.0775,2504 Lynch Road,Evansville,IN,47711,,,,,www.tristatefoodbank.org,https://app.mobilecause.com/form/_8AOrg?vid=ii5q5,"Alexander, Edwards, Gallatin, Hamilton, Hardin, Johnson, Lawrence, Massac, Pope, Pulaski, Richland, Saline, Union, Wabash, Wayne, White, Daviess, Dubois, Gibson, Perry, Pike, Posey, Spencer, Vanderburgh, Warrick, Crittenden, Daviess, Henderson, Hopkins, Livingston, Mc Lean, Union, Webster"
Indiana,Allen County,"Community Harvest Food Bank of Northeast Indiana, Inc.",260.447.3696,"999 East Tillman Road, P. O. Box 10967",Fort Wayne,IN,46816,,,,,www.communityharvest.org/,https://www.communityharvest.org/donate/,"Adams, Allen, Dekalb, Huntington, Lagrange, Noble, Steuben, Wells, Whitley"
Indiana,Marion County,"Gleaners Food Bank of Indiana, Inc.",317.925.0191,3737 Waldemere Ave.,Indianapolis,IN,46241,,,,,www.gleaners.org,https://www.gleaners.org/donate/give-funds/,"Bartholomew, Boone, Decatur, Fayette, Franklin, Hamilton, Hancock, Hendricks, Jackson, Jefferson, Jennings, Johnson, Marion, Morgan, Putnam, Ripley, Rush, Scott, Shelby, Union, Wayne"
Indiana,Tippecanoe County,Food Finders Food Bank,765.471.0062,1204 Greenbush Street,Lafayette,IN,47904,,,,,www.food-finders.org/,https://www.food-finders.org/give/,"Benton, Carroll, Cass, Clinton, Fountain, Fulton, Howard, Jasper, Miami, Montgomery, Newton, Pulaski, Tippecanoe, Tipton, Warren, White"
Indiana,Lake County,"Food Bank of Northwest Indiana, Inc.",219.980.1777,6490 Broadway,Merrillville,IN,46410,,,,,www.foodbanknwi.org/,https://foodbanknwi.org/donate-online/,"Lake, Porter"
Indiana,Delaware County,Second Harvest Food Bank of East Central Indiana,765.287.8698,6621 N. Old SR 3,Muncie,IN,47303,,,,,curehunger.org/,https://www.curehunger.org/get-involved/donate/,"Blackford, Delaware, Grant, Henry, Jay, Madison, Randolph, Wabash"
Indiana,St. Joseph County,Food Bank of Northern Indiana,574.232.9986,702 South Chapin Street,South Bend,IN,46601,,,,,feedindiana.org/,https://feedindiana.org/ways-to-give,"Elkhart, Kosciusko, La Porte, Marshall, St. Joseph, Starke"
Indiana,Vigo County,Terre Haute Catholic Charities Foodbank,812.232.1447,430 N 14th 1/2 St,Terre Haute,IN,47807,,,,,www.archindy.org/cc/terrehaute/programs-foodbank.html,https://www.archindy.org/cc/terrehaute/contributions.html,"Clay, Greene, Knox, Parke, Sullivan, Vermillion, Vigo"
Kansas,Sedgwick County,Kansas Food Bank,316.265.3663,1919 E. Douglas,Wichita,KS,67211,,,,,www.kansasfoodbank.org,https://www.kansasfoodbank.org/how-to-help/donate-money/,"Allen, Anderson, Barber, Barton, Bourbon, Butler, Chase, Chautauqua, Cherokee, Cheyenne, Clark, Cloud, Coffey, Comanche, Cowley, Crawford, Decatur, Dickinson, Edwards, Elk, Ellis, Ellsworth, Finney, Ford, Geary, Gove, Graham, Grant, Gray, Greeley, Greenwood, Hamilton, Harper, Harvey, Haskell, Hodgeman, Jewell, Kearny, Kingman, Kiowa, Labette, Lane, Lincoln, Linn, Logan, Lyon, Mc Pherson, Marion, Meade, Mitchell, Montgomery, Morris, Morton, Neosho, Ness, Norton, Osborne, Ottawa, Pawnee, Phillips, Pratt, Rawlins, Reno, Republic, Rice, Rooks, Rush, Russell, Saline, Scott, Sedgwick, Seward, Sheridan, Sherman, Smith, Stafford, Stanton, Stevens, Sumner, Thomas, Trego, Wallace, Wichita, Wilson, Woodson"
Kentucky,Hardin County,"Feeding America, Kentucky's Heartland",270.769.6997,"313 Peterson Dr.,, PO Box 821",Elizabethtown,KY,42701,,,,,www.feedingamericaky.org,https://donatenow.networkforgood.org/feedingamericaky,"Adair, Allen, Ballard, Barren, Breckinridge, Butler, Caldwell, Calloway, Carlisle, Casey, Christian, Clinton, Cumberland, Edmonson, Fulton, Graves, Grayson, Green, Hancock, Hardin, Hart, Hickman, Larue, Logan, Lyon, Mc Cracken, Marion, Marshall, Meade, Metcalfe, Monroe, Muhlenberg, Nelson, Ohio, Russell, Simpson, Taylor, Todd, Trigg, Warren, Washington, Wayne"
Kentucky,Fayette County,"God's Pantry Food Bank, Inc.",859.255.6592,1685 Jaggie Fox Way,Lexington,KY,40511,,,,,www.godspantry.org,https://godspantry.org/give/,"Anderson, Bath, Bell, Bourbon, Boyle, Breathitt, Carter, Clark, Clay, Elliott, Estill, Fayette, Fleming, Floyd, Franklin, Garrard, Harlan, Harrison, Jackson, Jessamine, Johnson, Knott, Knox, Laurel, Lee, Leslie, Letcher, Lewis, Lincoln, Mc Creary, Madison, Magoffin, Martin, Menifee, Mercer, Montgomery, Morgan, Nicholas, Owsley, Perry, Pike, Powell, Pulaski, Robertson, Rockcastle, Rowan, Scott, Whitley, Wolfe, Woodford"
Kentucky,Jefferson County,Dare to Care Food Bank,502.966.3821,"5803 Fern Valley Road, PO Box 35458",Louisville,KY,40228,,,,,daretocare.org/,https://donate.daretocare.org/for/dartcar/,"Clark, Crawford, Floyd, Harrison, Washington, Bullitt, Carroll, Henry, Jefferson, Oldham, Shelby, Spencer, Trimble"
Louisiana,Rapides Parish,Food Bank of Central Louisiana,318.445.2773,3223 Baldwin Avenue,Alexandria,LA,71301,,,,,www.fbcenla.org,https://www.fbcenla.org//donations,"Allen, Avoyelles, Catahoula, Concordia, Grant, La Salle, Natchitoches, Rapides, Sabine, Vernon, Winn"
Louisiana,East Baton Rouge Parish,Greater Baton Rouge Food Bank,225.359.9940,"10600 S. Choctaw Drive, Post Office Box 45830",Baton Rouge,LA,70815,,,,,brfoodbank.org/,https://brfoodbank.org/give/funds/,"Ascension, Assumption, East Baton Rouge, East Feliciana, Iberville, Livingston, Pointe Coupee, St. Helena, St. James, West Baton Rouge, West Feliciana"
Louisiana,Ouachita Parish,Food Bank of Northeast Louisiana,318.322.3567,"4600 Central Ave, PO Box 5048",Monroe,LA,71211,,,,,www.foodbanknela.org/,https://www.foodbanknela.org/give-funds/,"Caldwell, East Carroll, Franklin, Jackson, Lincoln, Madison, Morehouse, Ouachita, Richland, Tensas, Union, West Carroll"
Louisiana,Jefferson Parish,Second Harvest Food Bank of Greater New Orleans and Acadiana,504.734.1322,700 Edwards Avenue,New Orleans,LA,70123,,,,,no-hunger.org/,https://secure2.convio.net/shfbgn/site/Donation2?df_id=3736&mfc_pref=T&3736.donation=form1,"Acadia, Beauregard, Calcasieu, Cameron, Evangeline, Iberia, Jefferson, Jefferson Davis, Lafayette, Lafourche, Orleans, Plaquemines, St. Bernard, St. Charles, St. John The Baptist, St. Landry, St. Martin, St. Mary, St. Tammany, Tangipahoa, Terrebonne, Vermilion, Washington"
Louisiana,Caddo Parish,Food Bank of Northwest Louisiana,318.675.2400,2307 Texas Avenue,Shreveport,LA,71103,,,,,www.foodbanknla.org/,https://www.foodbanknla.org/donate.html,"Bienville, Bossier, Caddo, Claiborne, De Soto, Red River, Webster"
Massachusetts,Suffolk County,The Greater Boston Food Bank,617.427.5200,70 South Bay Ave,Boston,MA,02118,,,,,www.gbfb.org,https://www.gbfb.org/ways-to-give/,"Barnstable, Bristol, Dukes, Essex, Middlesex, Nantucket, Norfolk, Plymouth, Suffolk"
Massachusetts,Hampshire County,The Food Bank of Western Massachusetts,413.247.9738,"97 North Hatfield Road, PO Box 160",Hatfield,MA,01038,,,,,www.foodbankwma.org/,https://secure.foodbankwma.org/site/Donation2?df_id=1500&mfc_pref=T&1500.donation=form1,"Berkshire, Franklin, Hampden, Hampshire"
Massachusetts,Worcester County,"Worcester County Food Bank, Inc.",508.842.3663,474 Boston Turnpike,Shrewsbury,MA,01545,,,,,foodbank.org/,https://foodbank.org/donate/donate-funds/,Worcester
Maryland,Baltimore County,Maryland Food Bank,410.737.8282,2200 Halethorpe Farms Road,Baltimore,MD,21227,,,,,www.mdfoodbank.org,https://www.mdfoodbank.org/donate/,"Allegany, Anne Arundel, Baltimore, Calvert, Caroline, Carroll, Cecil, Charles, Dorchester, Frederick, Garrett, Harford, Howard, Kent, Queen Anne'S, St. Mary'S, Somerset, Talbot, Washington, Wicomico, Worcester, Baltimore (City)"
Maine,Androscoggin County,Good Shepherd Food Bank,207.782.3554,"3121 Hotel Road, PO Box 1807",Auburn,ME,04211,,,,,www.gsfb.org,https://www.gsfb.org/get-involved/donate/,"Androscoggin, Aroostook, Cumberland, Franklin, Hancock, Kennebec, Knox, Lincoln, Oxford, Penobscot, Piscataquis, Sagadahoc, Somerset, Waldo, Washington, York"
Michigan,Washtenaw County,Food Gatherers,734.761.2796,"1 Carrot Way, P.O. Box 131037",Ann Arbor,MI,48105,,,,,www.foodgatherers.org,https://www.giveffect.com/checkout/4131?wl=1,Washtenaw
Michigan,Clinton County,Greater Lansing Food Bank,517.853.7800,5600 Food Court,Bath,MI,48808,,,,,greaterlansingfoodbank.org/,https://greaterlansingfoodbank.org/give/give-money,"Clare, Clinton, Eaton, Gratiot, Ingham, Isabella, Shiawassee"
Michigan,Calhoun County,South Michigan Food Bank,269.964.3663,5451 Wayne Road,Battle Creek,MI,49037,,,,,smfoodbank.org/,https://smfoodbank.org/donate/,"Barry, Branch, Calhoun, Hillsdale, Jackson, Kalamazoo, Lenawee, St. Joseph"
Michigan,Kent County,Feeding America West Michigan,616.784.3250,864 West River Center Drive NE,Comstock Park,MI,49321,,,,,www.FeedWM.org,https://www.feedwm.org/donate/,"Alger, Allegan, Antrim, Baraga, Benzie, Berrien, Cass, Charlevoix, Chippewa, Delta, Dickinson, Emmet, Gogebic, Grand Traverse, Houghton, Ionia, Iron, Kalkaska, Kent, Keweenaw, Lake, Leelanau, Luce, Mackinac, Manistee, Marquette, Mason, Mecosta, Menominee, Missaukee, Montcalm, Muskegon, Newaygo, Oceana, Ontonagon, Osceola, Ottawa, Schoolcraft, Van Buren, Wexford"
Michigan,Wayne County,Gleaners Community Food Bank of Southeastern Michigan,313.923.3535,2131 Beaufait Street,Detroit,MI,48207,,,,,www.gcfb.org,https://www.gcfb.org/give-money/,"Livingston, Macomb, Monroe, Oakland, Wayne"
Michigan,Genesee County,Food Bank of Eastern Michigan,810.239.4441,2300 Lapeer Road,Flint,MI,48503,,,,,www.fbem.org/,https://www.fbem.org/donate-fb/,"Alcona, Alpena, Arenac, Bay, Cheboygan, Crawford, Genesee, Gladwin, Huron, Iosco, Lapeer, Midland, Montmorency, Ogemaw, Oscoda, Otsego, Presque Isle, Roscommon, Saginaw, St. Clair, Sanilac, Tuscola"
Michigan,Oakland County,Forgotten Harvest,248.967.1500,15000 W. Eight Mile Rd.,Oak Park,MI,48237,,,,,www.forgottenharvest.org/,https://www.forgottenharvest.org/donate/,"Macomb, Oakland, Wayne"
Minnesota,Hennepin County,Second Harvest Heartland,651.484.5117,7101 Winnetka Avenue N.,Brooklyn Park,MN,55428,,,,,www.2harvest.org,https://secure3.convio.net/shh/site/Donation2?df_id=21069&21069.donation=form1&_ga=2.258475970.930862896.1619630898-413674444.1617672587,"Anoka, Benton, Big Stone, Blue Earth, Brown, Carver, Chippewa, Chisago, Cottonwood, Dakota, Hennepin, Isanti, Jackson, Kandiyohi, Lac Qui Parle, Le Sueur, Lincoln, Lyon, Mc Leod, Martin, Meeker, Morrison, Murray, Nicollet, Nobles, Pine, Pipestone, Ramsey, Redwood, Renville, Rock, Scott, Sherburne, Sibley, Stearns, Swift, Todd, Washington, Watonwan, Wright, Yellow Medicine, Barron, Buffalo, Burnett, Chippewa, Clark, Dunn, Eau Claire, Jackson, Pepin, Pierce, Polk, Price, Rusk, St. Croix, Sawyer, Taylor, Trempealeau, Washburn"
Minnesota,St. Louis County,Second Harvest Northern Lakes Food Bank,218.727.5653,4503 Airpark Boulevard,Duluth,MN,55811,,,,,www.northernlakesfoodbank.org,https://northernlakesfoodbank.org/donation/,"Carlton, Cook, Lake, St. Louis, Ashland, Bayfield, Douglas, Iron"
Minnesota,Polk County,"North Country Food Bank, Inc.",218.399.7356,1011 11th Ave. NE,East Grand Forks,MN,56721,,,,,northcountryfoodbank.org,https://www.northcountryfoodbank.org/donate.html,"Becker, Beltrami, Clearwater, Douglas, Grant, Hubbard, Kittson, Lake Of The Woods, Mahnomen, Marshall, Norman, Otter Tail, Pennington, Polk, Pope, Red Lake, Roseau, Stevens, Traverse, Wadena, Wilkin"
Minnesota,Itasca County,Second Harvest North Central Food Bank,218.326.4420,"2222 Cromell Drive, PO Box 5130",Grand Rapids,MN,55744,,,,,www.secondharvestncfb.com,https://secondharvestncfb.com/get-involved/donate/,"Aitkin, Cass, Crow Wing, Itasca, Kanabec, Koochiching, Mille Lacs"
Minnesota,Olmsted County,Channel One Food Bank,507.287.2350,"131 35th Street, SE",Rochester,MN,55904,,,,,www.helpingfeedpeople.org,https://www.helpingfeedpeople.org/donate/donate-paypal/,"Dodge, Faribault, Fillmore, Freeborn, Goodhue, Houston, Mower, Olmsted, Rice, Steele, Wabasha, Waseca, Winona, La Crosse"
Missouri,St. Louis County,St. Louis Area Foodbank,314.292.6262,70 Corporate Woods Drive,Bridgeton,MO,63044,,,,,stlfoodbank.org/,https://stlfoodbank.org/financial-support/,"Calhoun, Clinton, Franklin, Jackson, Jersey, Madison, Monroe, Perry, Randolph, St. Clair, Washington, Williamson, Crawford, Franklin, Gasconade, Iron, Jefferson, Lincoln, Montgomery, Pike, St. Charles, St. Francois, St. Louis, Warren, Washington, Saint Louis City (City)"
Missouri,Boone County,The Food Bank for Central & Northeast Missouri,573.474.1020,"2101 Vandiver Drive, Suite B",Columbia,MO,65202,,,,,www.sharefoodbringhope.org,https://interland3.donorperfect.net/weblink/weblink.aspx?name=E164454&id=97,"Adair, Audrain, Benton, Boone, Callaway, Camden, Chariton, Clark, Cole, Cooper, Howard, Knox, Lewis, Linn, Macon, Maries, Marion, Miller, Moniteau, Monroe, Morgan, Osage, Pettis, Phelps, Putnam, Ralls, Randolph, Saline, Schuyler, Scotland, Shelby, Sullivan"
Missouri,Jackson County,Harvesters - The Community Food Network,816.929.3000,3801 Topping Avenue,Kansas City,MO,64129,,,,,www.harvesters.org/,https://www.harvesters.org/how-to-help,"Clay, Douglas, Franklin, Jackson, Jefferson, Johnson, Marshall, Miami, Nemaha, Osage, Pottawatomie, Riley, Shawnee, Wabaunsee, Washington, Wyandotte, Bates, Carroll, Cass, Clay, Henry, Jackson, Johnson, Lafayette, Platte, Ray"
Missouri,Scott County,Southeast Missouri Food Bank,855.703.3663,"600 State Highway H, PO Box 190",Sikeston,MO,63801,,,,,www.semofoodbank.org,https://www.semofoodbank.org/donate-money/,"Bollinger, Butler, Cape Girardeau, Carter, Dunklin, Madison, Mississippi, New Madrid, Pemiscot, Perry, Reynolds, Ripley, Sainte Genevieve, Scott, Stoddard, Wayne"
Missouri,Greene County,Ozarks Food Harvest,417.865.3411,2810 N. Cedarbrook Ave,Springfield,MO,65803,,,,,www.ozarksfoodharvest.org,https://ozarksfoodharvest.org/donate-money/,"Barry, Barton, Cedar, Christian, Dade, Dallas, Dent, Douglas, Greene, Hickory, Howell, Jasper, Laclede, Lawrence, Mc Donald, Newton, Oregon, Ozark, Polk, Pulaski, St. Clair, Shannon, Stone, Taney, Texas, Vernon, Webster, Wright"
Missouri,Buchanan County,Second Harvest Community Food Bank,816.364.3663,915 Douglas,St. Joseph,MO,64505,,,,,www.shcfb.org/,https://www.shcfb.org/get-involved/donate/,"Atchison, Brown, Doniphan, Leavenworth, Andrew, Atchison, Buchanan, Caldwell, Clinton, Daviess, Dekalb, Gentry, Grundy, Harrison, Holt, Livingston, Mercer, Nodaway, Worth"
Mississippi,Hinds County,Mississippi Food Network,601.973.7080,"440 W. Beatty Street, PO Box 411 (39205)",Jackson,MS,39201,,,,,www.msfoodnet.org,https://donate.msfoodnet.org/MFNMS/homepage,"Adams, Amite, Attala, Bolivar, Calhoun, Carroll, Chickasaw, Choctaw, Claiborne, Clarke, Clay, Copiah, Covington, Forrest, Franklin, Grenada, Hinds, Holmes, Humphreys, Issaquena, Jasper, Jefferson, Jefferson Davis, Jones, Kemper, Lamar, Lauderdale, Lawrence, Leake, Leflore, Lincoln, Lowndes, Madison, Marion, Montgomery, Neshoba, Newton, Noxubee, Oktibbeha, Pike, Rankin, Scott, Sharkey, Simpson, Smith, Sunflower, Tallahatchie, Walthall, Warren, Washington, Wayne, Webster, Wilkinson, Winston, Yalobusha, Yazoo"
Montana,Missoula County,Montana Food Bank Network,406.721.3825,5625 Expressway,Missoula,MT,59808,,,,,www.mfbn.org,https://mfbn.org/donate,"Beaverhead, Big Horn, Blaine, Broadwater, Carbon, Carter, Cascade, Chouteau, Custer, Daniels, Dawson, Deer Lodge, Fallon, Fergus, Flathead, Gallatin, Garfield, Glacier, Golden Valley, Granite, Hill, Jefferson, Judith Basin, Lake, Lewis And Clark, Liberty, Lincoln, Mc Cone, Madison, Meagher, Mineral, Missoula, Musselshell, Park, Petroleum, Phillips, Pondera, Powder River, Powell, Prairie, Ravalli, Richland, Roosevelt, Rosebud, Sanders, Sheridan, Silver Bow, Stillwater, Sweet Grass, Teton, Toole, Treasure, Valley, Wheatland, Wibaux, Yellowstone"
North Carolina,Buncombe County,MANNA FoodBank,828.299.3663,627 Swannanoa River Rd,Asheville,NC,28805,,,,,www.mannafoodbank.org/,https://www.mannafoodbank.org/how-you-can-help/donate/,"Avery, Buncombe, Cherokee, Clay, Graham, Haywood, Henderson, Jackson, Mc Dowell, Macon, Madison, Mitchell, Polk, Swain, Transylvania, Yancey"
North Carolina,Mecklenburg County,Second Harvest Food Bank of Metrolina,704.376.1785,500 B Spratt St.,Charlotte,NC,28206,,,,,www.secondharvestmetrolina.org/,https://www.secondharvestmetrolina.org/donation,"Anson, Burke, Cabarrus, Catawba, Cleveland, Gaston, Iredell, Lincoln, Mecklenburg, Montgomery, Rowan, Rutherford, Stanly, Union, Abbeville, Anderson, Cherokee, Greenwood, Lancaster, Oconee, Pickens, Spartanburg, Union, York"
North Carolina,Pasquotank County,Food Bank of the Albemarle,252.335.4035,"109 Tidewater Way, P. O. Box 1704",Elizabeth City,NC,27906,,,,,afoodbank.org/,https://afoodbank.org/,"Beaufort, Bertie, Camden, Chowan, Currituck, Dare, Gates, Hertford, Hyde, Martin, Northampton, Pasquotank, Perquimans, Tyrrell, Washington"
North Carolina,Cumberland County,Second Harvest Food Bank of Southeast North Carolina,910.485.8809,"406 Deep Creek Road, PO Box 2009",Fayetteville,NC,28302,,,,,hungercantwait.org,https://hungercantwait.org/advocate/give-funds/,"Bladen, Cumberland, Duplin, Harnett, Hoke, Robeson, Sampson"
North Carolina,Wake County,Food Bank of Central & Eastern North Carolina,919.875.0707,1924 Capital Boulevard,Raleigh,NC,27604,,,,,foodbankcenc.org/,https://secure.foodbankcenc.org/site/Donation2?df_id=10523&mfc_pref=T&10523.donation=form1&chosen=60&s_src=navgiveonline&s_subsrc=website,"Brunswick, Carteret, Chatham, Columbus, Craven, Duplin, Durham, Edgecombe, Franklin, Granville, Greene, Halifax, Harnett, Johnston, Jones, Lee, Lenoir, Moore, Nash, New Hanover, Onslow, Orange, Pamlico, Pender, Person, Pitt, Richmond, Sampson, Scotland, Vance, Wake, Warren, Wayne, Wilson"
North Carolina,Wake County,Inter-Faith Food Shuttle,919.250.0043,1001 Blair Drive,Raleigh,NC,27620,,,,,www.foodshuttle.org/,https://www.foodshuttle.org/donatetoday,"Chatham, Durham, Edgecombe, Johnston, Nash, Orange, Wake"
North Carolina,Forsyth County,Second Harvest Food Bank of Northwest North Carolina,336.784.5770,3330 Shorefair Drive,Winston-Salem,NC,27105,,,,,www.secondharvestnwnc.org/,https://secure.qgiv.com/for/wd2/,"Alamance, Alexander, Alleghany, Ashe, Caldwell, Caswell, Davidson, Davie, Forsyth, Guilford, Iredell, Randolph, Rockingham, Stokes, Surry, Watauga, Wilkes, Yadkin"
North Dakota,Cass County,Great Plains Food Bank,701.232.6219,1720 3rd Avenue North,Fargo,ND,58102,,,,,www.greatplainsfoodbank.org/,https://www.greatplainsfoodbank.org/get-involved/donate/,"Clay, Adams, Barnes, Benson, Billings, Bottineau, Bowman, Burke, Burleigh, Cass, Cavalier, Dickey, Divide, Dunn, Eddy, Emmons, Foster, Golden Valley, Grand Forks, Grant, Griggs, Hettinger, Kidder, La Moure, Logan, Mc Henry, Mc Intosh, Mc Kenzie, Mc Lean, Mercer, Morton, Mountrail, Nelson, Oliver, Pembina, Pierce, Ramsey, Ransom, Renville, Richland, Rolette, Sargent, Sheridan, Sioux, Slope, Stark, Steele, Stutsman, Towner, Traill, Walsh, Ward, Wells, Williams"
Nebraska,Lancaster County,Food Bank of Lincoln,402.466.8170,1221 Kingbird Road,Lincoln,NE,68521,,,,,www.lincolnfoodbank.org/,https://www.lincolnfoodbank.org/give-help/donate-dollars/,"Butler, Fillmore, Gage, Jefferson, Johnson, Lancaster, Nemaha, Otoe, Pawnee, Polk, Richardson, Saline, Saunders, Seward, Thayer, York"
Nebraska,Douglas County,Food Bank for the Heartland,402.331.1213,10525  J Street,Omaha,NE,68127,,,,,foodbankheartland.org/,https://donate.foodbankheartland.org/default.aspx?tsid=9192,"Cass, Cherokee, Crawford, Fremont, Harrison, Ida, Lyon, Mills, Monona, Montgomery, Page, Plymouth, Pottawattamie, Shelby, Sioux, Woodbury, Adams, Antelope, Arthur, Banner, Blaine, Boone, Box Butte, Boyd, Brown, Buffalo, Burt, Cass, Cedar, Chase, Cherry, Cheyenne, Clay, Colfax, Cuming, Custer, Dakota, Dawes, Dawson, Deuel, Dixon, Dodge, Douglas, Dundy, Franklin, Frontier, Furnas, Garden, Garfield, Gosper, Grant, Greeley, Hall, Hamilton, Harlan, Hayes, Hitchcock, Holt, Hooker, Howard, Kearney, Keith, Keya Paha, Kimball, Knox, Lincoln, Logan, Loup, Mc Pherson, Madison, Merrick, Morrill, Nance, Nuckolls, Perkins, Phelps, Pierce, Platte, Red Willow, Rock, Sarpy, Scotts Bluff, Sheridan, Sherman, Sioux, Stanton, Thomas, Thurston, Valley, Washington, Wayne, Webster, Wheeler"
New Hampshire,Hillsborough County,New Hampshire Food Bank,603.669.9725,700 East Industrial Park Drive,Manchester,NH,03109,,,,,www.nhfoodbank.org,https://www.nhfoodbank.org/donation-hub/,"Belknap, Carroll, Cheshire, Coos, Grafton, Hillsborough, Merrimack, Rockingham, Strafford, Sullivan"
New Jersey,Union County,Community FoodBank of New Jersey,908.355.3663,31 Evans Terminal,Hillside,NJ,07205,,,,,cfbnj.org/,https://cfbnj.org/#donate,"Atlantic, Bergen, Cape May, Cumberland, Essex, Hudson, Hunterdon, Mercer, Middlesex, Morris, Passaic, Somerset, Sussex, Union, Warren"
New Jersey,Monmouth County,Fulfill,732.918.2600,3300 Route 66,Neptune,NJ,07753,,,,,fulfillnj.org/,https://fulfillnj.org/ways-to-help/,"Monmouth, Ocean"
New Jersey,Camden County,Food Bank of South Jersey,856.662.4884,1501 John Tipton Boulevard,Pennsauken,NJ,08110,,,,,foodbanksj.org/,https://donate.foodbanksj.org/give/396962/#!/donation/checkout?c_src=feedingamerica,"Burlington, Camden, Gloucester, Salem"
New Mexico,Bernalillo County,Roadrunner Food Bank,505.247.2052,5840 Office Blvd NE,Albuquerque,NM,87109,,,,,www.rrfb.org,https://www.rrfb.org/give/give-funds/,"Bernalillo, Catron, Chaves, Cibola, Colfax, Curry, De Baca, Dona Ana, Eddy, Grant, Guadalupe, Harding, Hidalgo, Lea, Lincoln, Los Alamos, Luna, Mc Kinley, Mora, Otero, Quay, Rio Arriba, Roosevelt, Sandoval, San Juan, San Miguel, Santa Fe, Sierra, Socorro, Taos, Torrance, Union, Valencia"
Nevada,Clark County,Three Square Food Bank,702.644.3663,4190 N. Pecos Rd.,Las Vegas,NV,89115,,,,,www.threesquare.org/,https://www.threesquare.org/how-to-help/give,"Clark, Esmeralda, Lincoln, Nye"
Nevada,Washoe County,Food Bank of Northern Nevada,775.331.3663,550 Italy Dr,Sparks,NV,89437,,,,,fbnn.org/,https://fbnn.org/ways-to-give/,"Inyo, Mono, Churchill, Douglas, Elko, Eureka, Humboldt, Lander, Lyon, Mineral, Pershing, Storey, Washoe, White Pine, Carson City"
New York,Erie County,"FeedMore Western New York, Inc.",716.852.1305,91 Holt Street,Buffalo,NY,14206,,,,,www.feedmorewny.org/,https://www.feedmorewny.org/donate/,"Cattaraugus, Chautauqua, Erie, Niagara"
New York,Chemung County,Food Bank of the Southern Tier,607.796.6061,388 Upper Oakwood Avenue,Elmira,NY,14903,,,,,www.foodbankst.org,https://www.foodbankst.org/ways-to-give/donate/,"Broome, Chemung, Schuyler, Steuben, Tioga, Tompkins"
New York,Westchester County,Feeding Westchester,914.923.1100,200 Clearbrook Road,Elmsford,NY,10523,,,,,feedingwestchester.org/,https://feedingwestchester.org/take-action/donate/,Westchester
New York,Suffolk County,"Long Island Cares, Inc.",631.582.3663,10 Davids Drive,Hauppauge,NY,11788,,,,,www.licares.org/,https://www.licares.org/donate,"Nassau, Suffolk"
New York,Albany County,Regional Food Bank of Northeastern New York,518.786.3691,965 Albany Shaker Rd.,Latham,NY,12110,,,,,regionalfoodbank.net/,https://give.classy.org/foodbankneny,"Albany, Clinton, Columbia, Delaware, Dutchess, Essex, Franklin, Fulton, Greene, Hamilton, Montgomery, Orange, Otsego, Putnam, Rensselaer, Rockland, Saratoga, Schenectady, Schoharie, Sullivan, Ulster, Warren, Washington"
New York,Suffolk County,Island Harvest,516.294.8528,126 Spagnoli Road,Melville,NY,11747,,,,,www.islandharvest.org/,https://www.islandharvest.org/contribute/,"Nassau, Suffolk"
New York,New York County,City Harvest,646.412.0600,"6 East 32nd Street, 5th Fl.",New York,NY,10016,,,,,www.cityharvest.org,https://www.cityharvest.org/give-now/,"Bronx, Kings, New York, Queens, Richmond"
New York,Bronx County,Food Bank For New York City,718.991.4300,355 Food Center Dr.,New York,NY,10474,,,,,www.foodbanknyc.org,https://www.foodbanknyc.org/donate/,"Bronx, Kings, New York, Queens, Richmond"
New York,Monroe County,"Foodlink, Inc.",585.328.3380,1999 Mt. Read Boulevard,Rochester,NY,14615,,,,,www.foodlinkny.org,https://foodlinkny.org/donate/,"Allegany, Genesee, Livingston, Monroe, Ontario, Orleans, Seneca, Wayne, Wyoming, Yates"
New York,Onondaga County,Food Bank of Central New York,315.437.1899,7066 Interstate Island Road,Syracuse,NY,13209,,,,,www.foodbankcny.org,https://www.foodbankcny.org/donate,"Cayuga, Chenango, Cortland, Herkimer, Jefferson, Lewis, Madison, Oneida, Onondaga, Oswego, St. Lawrence"
Ohio,Summit County,Akron-Canton Regional Foodbank,330.535.6900,350 Opportunity Parkway,Akron,OH,44307,,,,,www.akroncantonfoodbank.org,https://www.akroncantonfoodbank.org/donate-money,"Carroll, Holmes, Medina, Portage, Stark, Summit, Tuscarawas, Wayne"
Ohio,Hamilton County,Freestore Foodbank,513.482.4500,1141 Central Parkway,Cincinnati,OH,45202,,,,,www.freestorefoodbank.org,https://secure3.convio.net/fsfb/site/Donation2;jsessionid=00000000.app30103b?df_id=5682&mfc_pref=T&5682.donation=form1&s_src=big_red_button&s_subsrc=fsfb_website&_ga=2.21924731.1904317506.1619633826-1781211649.1617321822,"Dearborn, Ohio, Switzerland, Boone, Bracken, Campbell, Gallatin, Grant, Kenton, Mason, Owen, Pendleton, Adams, Brown, Clermont, Clinton, Hamilton, Highland, Pike, Scioto"
Ohio,Cuyahoga County,"Greater Cleveland Food Bank, Inc.",216.738.2265,15500 South Waterloo Road,Cleveland,OH,44110,,,,,www.GreaterClevelandFoodBank.org,https://www.greaterclevelandfoodbank.org/give-help/donate-food-funds/how-to-give,"Ashland, Ashtabula, Cuyahoga, Geauga, Lake, Richland"
Ohio,Montgomery County,"The Foodbank, Inc.",937.461.0265,56 Armor Place,Dayton,OH,45417,,,,,thefoodbankdayton.org/,https://thefoodbankdayton.org/donate/,"Greene, Montgomery, Preble"
Ohio,Butler County,Shared Harvest Foodbank,513.874.0114,5901 Dixie Highway,Fairfield,OH,45014,,,,,www.sharedharvest.org/,https://www.sharedharvest.org/donate,"Butler, Darke, Miami, Preble, Warren"
Ohio,Franklin County,Mid-Ohio FoodBank,614.277.3663,3960 Brookham Dr.,Grove City,OH,43123,,,,,mofc.org/,https://give.mofc.org/Default.aspx?tsid=18866,"Belmont, Coshocton, Delaware, Fairfield, Fayette, Franklin, Guernsey, Harrison, Jefferson, Knox, Licking, Madison, Marion, Monroe, Morrow, Muskingum, Noble, Pickaway, Ross, Union"
Ohio,Allen County,West Ohio Food Bank,419.222.7946,"1380 East Kibby Street, P.O. Box 1566",Lima,OH,45804,,,,,www.westohiofoodbank.org/,https://www.paypal.com/donate/?cmd=_s-xclick&hosted_button_id=W45RT74DP68WG&source=url,"Allen, Auglaize, Hancock, Hardin, Mercer, Paulding, Putnam, Seneca, Shelby, Van Wert, Wyandot"
Ohio,Hocking County,SE Ohio Foodbank,740.385.6813,1005 CIC Drive,Logan,OH,43138,,,,,hapcap.org/seo-foodbank/,https://hapcap.org/give/,"Athens, Gallia, Hocking, Jackson, Meigs, Morgan, Perry, Vinton, Washington"
Ohio,Lorain County,Second Harvest Food Bank of North Central Ohio,440.960.2265,5510 Baumhart Rd,Lorain,OH,44053,,,,,www.secondharvestfoodbank.org,https://donate.secondharvestfoodbank.org/LOROH/top_right,"Crawford, Erie, Huron, Lorain"
Ohio,Clark County,"Second Harvest Foodbank of Clark, Champaign, & Logan Counties",937.325.8715,20 N Murray,Springfield,OH,45503,,,,,www.theshfb.org/,https://www.theshfb.org/donate,"Champaign, Clark, Logan"
Ohio,Lucas County,Toledo Northwestern Ohio Food Bank,419.242.5000,24 East Woodruff Avenue,Toledo,OH,43604,,,,,www.toledofoodbank.org,https://toledonwohiofoodbank.networkforgood.com/projects/12831-toledo-northwestern-ohio-food-bank,"Defiance, Fulton, Henry, Lucas, Ottawa, Sandusky, Williams, Wood"
Ohio,Mahoning County,Second Harvest Food Bank of the Mahoning Valley,330.792.5522,2805 Salt Springs Road,Youngstown,OH,44509,,,,,www.mahoningvalleysecondharvest.org,https://interland3.donorperfect.net/weblink/weblink.aspx?name=E5208&id=1,"Columbiana, Mahoning, Trumbull"
Oklahoma,Oklahoma County,Regional Food Bank of Oklahoma,405.972.1111,"3355 S. Purdue, PO Box 270968",Oklahoma City,OK,73179,,,,,www.regionalfoodbank.org,https://www.regionalfoodbank.org/ways-to-give/,"Alfalfa, Atoka, Beaver, Beckham, Blaine, Bryan, Caddo, Canadian, Carter, Cimarron, Cleveland, Coal, Comanche, Cotton, Custer, Dewey, Ellis, Garfield, Garvin, Grady, Grant, Greer, Harmon, Harper, Hughes, Jackson, Jefferson, Johnston, Kay, Kingfisher, Kiowa, Lincoln, Logan, Love, Mc Clain, Major, Marshall, Murray, Noble, Okfuskee, Oklahoma, Pawnee, Payne, Pontotoc, Pottawatomie, Roger Mills, Seminole, Stephens, Texas, Tillman, Washita, Woods, Woodward"
Oklahoma,Tulsa County,Food Bank of Eastern Oklahoma,918.585.2800,1304 N. Kenosha Ave.,Tulsa,OK,74106,,,,,okfoodbank.org/,https://okfoodbank.org/donate/,"Adair, Cherokee, Choctaw, Craig, Creek, Delaware, Haskell, Latimer, Le Flore, Mc Curtain, Mc Intosh, Mayes, Muskogee, Nowata, Okmulgee, Osage, Ottawa, Pittsburg, Pushmataha, Rogers, Sequoyah, Tulsa, Wagoner, Washington"
Oregon,Multnomah County,Oregon Food Bank,503.282.0555,7900 NE 33rd Drive,Portland,OR,97211,,,,,www.oregonfoodbank.org/,https://give.oregonfoodbank.org/give/92782/#!/donation/checkout,"Baker, Benton, Clackamas, Clatsop, Columbia, Coos, Crook, Curry, Deschutes, Douglas, Gilliam, Grant, Harney, Hood River, Jackson, Jefferson, Josephine, Klamath, Lake, Lane, Lincoln, Linn, Malheur, Marion, Morrow, Multnomah, Polk, Sherman, Tillamook, Umatilla, Union, Wallowa, Wasco, Washington, Wheeler, Yamhill, Clark"
Pennsylvania,Westmoreland County,Westmoreland Food Bank,724.468.8660,100 Devonshire Drive,Delmont,PA,15626,,,,,www.westmorelandfoodbank.org,https://westmorelandfoodbank.org/donate/,Westmoreland
Pennsylvania,Allegheny County,Greater Pittsburgh Community Food Bank,412.460.3663,1 North Linden Street,Duquesne,PA,15110,,,,,www.pittsburghfoodbank.org/,https://www.pittsburghfoodbank.org/ways-to-give/,"Allegheny, Armstrong, Beaver, Butler, Cambria, Fayette, Greene, Indiana, Lawrence, Somerset, Washington"
Pennsylvania,Erie County,Second Harvest Food Bank of Northwest Pennsylvania,814.459.3663,1507 Grimm Drive,Erie,PA,16501,,,,,www.nwpafoodbank.org,https://nwpafoodbank.org/get-involved/donate-funds/,"Cameron, Clarion, Clearfield, Crawford, Elk, Erie, Forest, Jefferson, Mc Kean, Venango, Warren"
Pennsylvania,Dauphin County,Central Pennsylvania Food Bank,717.564.1700,3908 Corey Road,Harrisburg,PA,17109,,,,,www.centralpafoodbank.org,https://www.centralpafoodbank.org/ways-to-give/give-funds/,"Adams, Bedford, Blair, Bradford, Centre, Clearfield, Clinton, Columbia, Cumberland, Dauphin, Franklin, Fulton, Huntingdon, Juniata, Lancaster, Lebanon, Lycoming, Mifflin, Montour, Northumberland, Perry, Potter, Snyder, Sullivan, Tioga, Union, York"
Pennsylvania,Northampton County,Second Harvest Food Bank of Lehigh Valley and NE Pennsylvania,610.434.0875,6969 Silver Crest Road,Nazareth,PA,18064,,,,,www.shfblv.org,https://interland3.donorperfect.net/weblink/weblink.aspx?name=E98896&id=10,"Carbon, Lehigh, Monroe, Northampton, Pike, Wayne"
Pennsylvania,Philadelphia County,Philabundance,215.339.0900,3616 S. Galloway Street,Philadelphia,PA,19148,,,,,www.philabundance.org,https://www.philabundance.org/donate/,"Burlington, Camden, Gloucester, Salem, Bucks, Chester, Delaware, Montgomery, Philadelphia"
Pennsylvania,Luzerne County,H & J Weinberg Northeast Pennsylvania Regional Food Bank,570.826.0510,185 Research Drive,Pittston,PA,18640,,,,,www.ceopeoplehelpingpeople.org,https://www.ceopeoplehelpingpeople.org/donate,"Lackawanna, Luzerne, Susquehanna, Wyoming"
Pennsylvania,Berks County,Helping Harvest,610.926.5802,117 Morgan Drive,Reading,PA,19608,,,,,helpingharvest.org/,https://helpingharvest.org/donate/,"Berks, Schuylkill"
Pennsylvania,Mercer County,Community Food Warehouse of Mercer County,724.981.0353,"109 S Sharpsville Avenue, Suite A",Sharon,PA,16146,,,,,www.foodwarehouse.org/,https://www.foodwarehouse.org/donate,Mercer
Puerto Rico,Carolina,Banco de Alimentos de Puerto Rico,787.740.3663,"Urbanization Country Club Park C / 272 IC4, PO Box 3990",Carolina,PR,00984,,,,,alimentospr.org/,https://alimentospr.org/donate-now/,"Adjuntas, Aguada, Aguadilla, Aguas Buenas, Aibonito, Anasco, Arecibo, Arroyo, Barceloneta, Barranquitas, Bayamon, Cabo Rojo, Caguas, Camuy, Canovanas, Carolina, Catano, Cayey, Ceiba, Ciales, Cidra, Coamo, Comerio, Corozal, Culebra, Dorado, Fajardo, Florida, Guanica, Guayama, Guayanilla, Guaynabo, Gurabo, Hatillo, Hormigueros, Humacao, Isabela, Jayuya, Juana Diaz, Juncos, Lajas, Lares, Las Marias, Las Piedras, Loiza, Luquillo, Manati, Maricao, Maunabo, Mayaguez, Moca, Morovis, Naguabo, Naranjito, Orocovis, Patillas, Penuelas, Ponce, Quebradillas, Rincon, Rio Grande, Sabana Grande, Salinas, San German, San Juan, San Lorenzo, San Sebastian, Santa Isabel, Toa Alta, Toa Baja, Trujillo Alto, Utuado, Vega Alta, Vega Baja, Vieques, Villalba, Yabucoa, Yauco"
Rhode Island,Providence County,Rhode Island Community Food Bank,401.942.6325,200 Niantic Ave.,Providence,RI,02907,,,,,www.rifoodbank.org,https://rifoodbank.org/give-now/,"Bristol, Kent, Newport, Providence, Washington"
South Carolina,Charleston County,Lowcountry Food Bank,843.747.8146,2864 Azalea Drive,Charleston,SC,29405,,,,,www.lowcountryfoodbank.org,https://lowcountryfoodbank.org/donate/,"Beaufort, Berkeley, Charleston, Colleton, Dorchester, Georgetown, Hampton, Horry, Jasper, Williamsburg"
South Carolina,Richland County,Harvest Hope Food Bank,803.254.4432,"2220 Shop Road, P.O. Box 451",Columbia,SC,29201,,,,,www.harvesthope.org,https://give.harvesthope.org/checkout/5372,"Calhoun, Chester, Chesterfield, Clarendon, Darlington, Dillon, Fairfield, Florence, Greenville, Kershaw, Laurens, Lee, Lexington, Marion, Marlboro, Newberry, Orangeburg, Richland, Saluda, Sumter"
South Dakota,Minnehaha County,Feeding South Dakota,605.335.0364,4701 N Westport Ave,Sioux Falls,SD,57107,,,,,www.feedingsouthdakota.org,https://feedingsouthdakota.org/how-to-help/donate-funds/,"Aurora, Beadle, Bennett, Bon Homme, Brookings, Brown, Brule, Buffalo, Butte, Campbell, Charles Mix, Clark, Clay, Codington, Corson, Custer, Davison, Day, Deuel, Dewey, Douglas, Edmunds, Fall River, Faulk, Grant, Gregory, Haakon, Hamlin, Hand, Hanson, Harding, Hughes, Hutchinson, Hyde, Jackson, Jerauld, Jones, Kingsbury, Lake, Lawrence, Lincoln, Lyman, Mc Cook, Mc Pherson, Marshall, Meade, Mellette, Miner, Minnehaha, Moody, Oglala Lakota, Pennington, Perkins, Potter, Roberts, Sanborn, Spink, Stanley, Sully, Todd, Tripp, Turner, Union, Walworth, Yankton, Ziebach"
Tennessee,Hamilton County,Chattanooga Area Food Bank,423.622.1800,2009 Curtain Pole Road,Chattanooga,TN,37406,,,,,www.chattfoodbank.org,https://chattfoodbank.org/donate,"Catoosa, Chattooga, Dade, Fannin, Gilmer, Gordon, Murray, Walker, Whitfield, Bledsoe, Bradley, Grundy, Hamilton, Mc Minn, Marion, Meigs, Polk, Rhea, Sequatchie, Van Buren"
Tennessee,Sullivan County,Second Harvest Food Bank of Northeast Tennessee,423.279.0430,1020 Jericho Drive,Kingsport,TN,37663,,,,,www.netfoodbank.org,https://netfoodbank.org/donate/,"Carter, Greene, Hancock, Hawkins, Johnson, Sullivan, Unicoi, Washington"
Tennessee,Blount County,Second Harvest Food Bank of East Tennessee,865.521.0000,136 Harvest Lane,Maryville,TN,37801,,,,,secondharvestetn.org/,https://community.secondharvestetn.org/donate-now,"Anderson, Blount, Campbell, Claiborne, Cocke, Cumberland, Fentress, Grainger, Hamblen, Jefferson, Knox, Loudon, Monroe, Morgan, Roane, Scott, Sevier, Union"
Tennessee,Shelby County,Mid-South Food Bank,901.527.0841,3865 S Perkins Rd,Memphis,TN,38118,,,,,www.midsouthfoodbank.org,https://www.midsouthfoodbank.org/ways-to-give-donate,"Crittenden, Alcorn, Benton, Coahoma, De Soto, Itawamba, Lafayette, Lee, Marshall, Monroe, Panola, Pontotoc, Prentiss, Quitman, Tate, Tippah, Tishomingo, Tunica, Union, Crockett, Dyer, Fayette, Hardeman, Haywood, Lake, Lauderdale, Mc Nairy, Madison, Obion, Shelby, Tipton"
Tennessee,Davidson County,Second Harvest Food Bank of Middle Tennessee,615.329.3491,331 Great Circle Road,Nashville,TN,37228,,,,,www.secondharvestmidtn.org,https://www.secondharvestmidtn.org/donate-now/,"Bedford, Benton, Cannon, Carroll, Cheatham, Chester, Clay, Coffee, Davidson, Decatur, Dekalb, Dickson, Franklin, Gibson, Giles, Hardin, Henderson, Henry, Hickman, Houston, Humphreys, Jackson, Lawrence, Lewis, Lincoln, Macon, Marshall, Maury, Montgomery, Moore, Overton, Perry, Pickett, Putnam, Robertson, Rutherford, Smith, Stewart, Sumner, Trousdale, Warren, Wayne, Weakley, White, Williamson, Wilson"
Texas,Taylor County,Food Bank of West Central Texas,325.695.6311,5505 N. First,Abilene,TX,79603,,,,,www.fbwct.org,https://fbwct.org/donate-money/,"Brown, Callahan, Coleman, Comanche, Eastland, Fisher, Jones, Mitchell, Nolan, Runnels, Shackelford, Stephens, Taylor"
Texas,Potter County,High Plains Food Bank,806.374.8562,"815 S. Ross, PO Box 31803",Amarillo,TX,79120,,,,,www.hpfb.org/,https://www.hpfb.org/donate,"Armstrong, Briscoe, Carson, Castro, Childress, Collingsworth, Cottle, Dallam, Deaf Smith, Donley, Gray, Hale, Hall, Hansford, Hardeman, Hartley, Hemphill, Hutchinson, Lipscomb, Moore, Ochiltree, Oldham, Parmer, Potter, Randall, Roberts, Sherman, Swisher, Wheeler"
Texas,Travis County,Central Texas Food Bank,512.282.2111,6500 Metropolis Drive,Austin,TX,78744,,,,,www.centraltexasfoodbank.org/,https://secure3.convio.net/cafbtx/site/Donation2?df_id=10203&mfc_pref=T&10203.donation=form1,"Bastrop, Bell, Blanco, Burnet, Caldwell, Coryell, Falls, Fayette, Freestone, Gillespie, Hays, Lampasas, Lee, Limestone, Llano, Mc Lennan, Milam, Mills, San Saba, Travis, Williamson"
Texas,Jefferson County,Southeast Texas Food Bank,409.839.8777,"3845 Martin Luther King Parkway, P O Box 21012",Beaumont,TX,77705,,,,,setxfoodbank.org/,https://setxfoodbank.org/donate/,"Hardin, Jasper, Jefferson, Newton, Orange, Polk, Sabine, Tyler"
Texas,Nueces County,Coastal Bend Food Bank,361.887.6291,826 Krill St.,Corpus Christi,TX,78408,,,,,coastalbendfoodbank.org/,https://coastalbendfoodbank.org/get-involved/,"Aransas, Bee, Brooks, Duval, Jim Wells, Kenedy, Kleberg, Live Oak, Mc Mullen, Nueces, San Patricio"
Texas,El Paso County,El Pasoans Fighting Hunger,915.298.0353,9541 Plaza Circle,El Paso,TX,79927,,,,,elpasoansfightinghunger.org/,https://elpasoansfightinghunger.org/donate,"Culberson, El Paso, Hudspeth"
Texas,Tarrant County,Tarrant Area Food Bank,817.857.7100,2600 Cullen,Ft. Worth,TX,76107,,,,,www.tafb.org,https://tafb.org/donate,"Bosque, Cooke, Denton, Erath, Hamilton, Hill, Hood, Johnson, Palo Pinto, Parker, Somervell, Tarrant, Wise"
Texas,Harris County,Houston Food Bank,713.223.3700,535 Portwall Street,Houston,TX,77029,,,,,www.HoustonFoodBank.org,https://www.houstonfoodbank.org/ways-to-give/give-funds,"Austin, Brazoria, Brazos, Burleson, Chambers, Fort Bend, Galveston, Grimes, Harris, Liberty, Madison, Montgomery, Robertson, San Jacinto, Trinity, Walker, Waller, Washington"
Texas,Webb County,South Texas Food Bank,956.726.3120,2121 Jefferson St.,Laredo,TX,78040,,,,,www.southtexasfoodbank.org/,https://www.southtexasfoodbank.org//donate,"Dimmit, Jim Hogg, Kinney, Maverick, Starr, Val Verde, Webb, Zapata"
Texas,Lubbock County,South Plains Food Bank,806.763.3003,5605 MLK Boulevard,Lubbock,TX,79404,,,,,www.spfb.org,https://www.spfb.org/donate,"Bailey, Cochran, Crosby, Dickens, Floyd, Gaines, Garza, Hale, Hockley, Kent, King, Lamb, Lubbock, Lynn, Motley, Scurry, Stonewall, Terry, Yoakum"
Texas,Ector County,West Texas Food Bank,432.580.6333,411 S. Pagewood Ave.,Odessa,TX,79761,,,,,wtxfoodbank.org/,https://wtxfoodbank.org/donate/,"Andrews, Borden, Brewster, Crane, Dawson, Ector, Glasscock, Howard, Jeff Davis, Loving, Martin, Midland, Pecos, Presidio, Reeves, Terrell, Upton, Ward, Winkler"
Texas,Hidalgo County,Food Bank of the Rio Grande Valley,956.682.8101,724 N. Cage Blvd.,Pharr,TX,78577,,,,,www.foodbankrgv.com/,https://www.foodbankrgv.com/howtohelp-2/donate-money/,"Cameron, Hidalgo, Willacy"
Texas,Collin County,North Texas Food Bank,214.330.1396,3677 Mapleshade Lane,Plano,TX,75075,,,,,www.ntfb.org,https://give.ntfb.org/site/Donation2?1400.donation=form1&df_id=1400&mfc_pref=T,"Collin, Dallas, Delta, Denton, Ellis, Fannin, Grayson, Hopkins, Hunt, Kaufman, Lamar, Navarro, Rockwall"
Texas,Bexar County,San Antonio Food Bank,210.337.3663,5200 Enrique M Barrera Pkwy,San Antonio,TX,78227,,,,,www.safoodbank.org,https://safoodbank.org/donate/,"Atascosa, Bandera, Bexar, Coke, Comal, Concho, Crockett, Edwards, Frio, Guadalupe, Irion, Karnes, Kendall, Kerr, Kimble, La Salle, Mc Culloch, Mason, Medina, Menard, Reagan, Real, Schleicher, Sterling, Sutton, Tom Green, Uvalde, Wilson, Zavala"
Texas,Smith County,East Texas Food Bank,903.597.3663,3201 Robertson Road,Tyler,TX,75701,,,,,www.easttexasfoodbank.org/,https://www.easttexasfoodbank.org/donatenow/,"Anderson, Angelina, Bowie, Camp, Cass, Cherokee, Franklin, Gregg, Harrison, Henderson, Houston, Leon, Marion, Morris, Nacogdoches, Panola, Rains, Red River, Rusk, San Augustine, Shelby, Smith, Titus, Upshur, Van Zandt, Wood"
Texas,Victoria County,Food Bank of the Golden Crescent,361.578.0591,"801 South Laurent, P.O.Box 5085",Victoria,TX,77901,,,,,www.tfbgc.org/,https://www.tfbgc.org/donate,"Calhoun, Colorado, De Witt, Goliad, Gonzales, Jackson, Lavaca, Matagorda, Refugio, Victoria, Wharton"
Texas,Wichita County,Wichita Falls Area Food Bank,940.766.2322,"1230 Midwestern Parkway, PO Box 623",Wichita Falls,TX,76307,,,,,www.wfafb.org/,https://donatenow.networkforgood.org/wfafb,"Archer, Baylor, Clay, Foard, Haskell, Jack, Knox, Montague, Throckmorton, Wichita, Wilbarger, Young"
Utah,Salt Lake County,Utah Food Bank,801.978.2452,3150 South 900 West,Salt Lake City,UT,84119,,,,,www.utahfoodbank.org,https://www.utahfoodbank.org/give-money,"Beaver, Box Elder, Cache, Carbon, Daggett, Davis, Duchesne, Emery, Garfield, Grand, Iron, Juab, Kane, Millard, Morgan, Piute, Rich, Salt Lake, San Juan, Sanpete, Sevier, Summit, Tooele, Uintah, Utah, Wasatch, Washington, Wayne, Weber"
Virginia,Spotsylvania County,Fredericksburg Regional Food Bank,540.371.7666,"3631 Lee Hill Drive, PO Box 1006",Fredericksburg,VA,22408,,,,,www.fredfood.org/,https://fredfood.org/donate,"Caroline, King George, Orange, Spotsylvania, Stafford, Fredericksburg (City)"
Virginia,Hampton city,Virginia Peninsula Foodbank,757.596.7188,2401 Aluminum Avenue,Hampton,VA,23661,,,,,hrfoodbank.org/,https://secure3.convio.net/fbvp/site/Donation2?df_id=3821&mfc_pref=T&3821.donation=form1&_ga=2.49914018.500997383.1619626406-2099344125.1619626406,"Gloucester, James City, Mathews, Surry, York, Hampton City (City), Newport News (City), Poquoson (City), Williamsburg (City)"
Virginia,Norfolk city,Foodbank of Southeastern Virginia and the Eastern Shore,757.627.6599,"800 Tidewater Drive, PO Box 1940",Norfolk,VA,23504,,,,,foodbankonline.org/,https://foodbankonline.org/how-to-help/donate-funds/donate-now/,"Accomack, Isle Of Wight, Northampton, Southampton, Sussex, Chesapeake City (City), Franklin (City), Norfolk (City), Portsmouth (City), Suffolk (City), Virginia Beach (City)"
Virginia,Richmond city,Feed More,804.521.2500,1415 Rhoadmiller Street,Richmond,VA,23220,,,,,www.feedmore.org,https://give.feedmore.org/give/153066/#!/donation/checkout,"Amelia, Brunswick, Charles City, Charlotte, Chesterfield, Cumberland, Dinwiddie, Essex, Goochland, Greensville, Halifax, Hanover, Henrico, King And Queen, King William, Lancaster, Louisa, Lunenburg, Mecklenburg, Middlesex, New Kent, Northumberland, Nottoway, Powhatan, Prince Edward, Prince George, Richmond, Sussex, Westmoreland, Colonial Heights (City), Emporia (City), Hopewell (City), Petersburg (City), Richmond (City)"
Virginia,Salem city,Feeding Southwest Virginia,540.342.3011,1025 Electric Road,Salem,VA,24153,,,,,www.feedingswva.org/,https://www.feedingswva.org/donate-now/,"Alleghany, Bedford, Bland, Botetourt, Buchanan, Carroll, Craig, Dickenson, Floyd, Franklin, Giles, Grayson, Henry, Lee, Montgomery, Patrick, Pittsylvania, Pulaski, Roanoke, Russell, Scott, Smyth, Tazewell, Washington, Wise, Wythe, Bristol (City), Covington (City), Danville (City), Galax (City), Martinsville (City), Norton (City), Radford (City), Roanoke (City), Salem (City)"
Virginia,Augusta County,Blue Ridge Area Food Bank,540.248.3663,"96 Laurel Hill Road, P.O. Box 937",Verona,VA,24482,,,,,www.brafb.org/,https://www.brafb.org/give-now/,"Albemarle, Amherst, Appomattox, Augusta, Bath, Bedford, Buckingham, Campbell, Clarke, Culpeper, Fauquier, Fluvanna, Frederick, Greene, Highland, Loudoun, Madison, Nelson, Orange, Page, Rappahannock, Rockbridge, Rockingham, Shenandoah, Warren, Buena Vista (City), Charlottesville (City), Harrisonburg (City), Lexington (City), Lynchburg (City), Staunton (City), Waynesboro (City), Winchester (City)"
Vermont,Washington County,Vermont Foodbank,802.476.3341,33 Parker Road,Barre,VT,05641,,,,,www.vtfoodbank.org/,https://www.vtfoodbank.org/give-money,"Addison, Bennington, Caledonia, Chittenden, Essex, Franklin, Grand Isle, Lamoille, Orange, Orleans, Rutland, Washington, Windham, Windsor"
Washington,King County,Food Lifeline,206.545.6600,815 South 96th Street,Seattle,WA,98108,,,,,www.foodlifeline.org,https://foodlifeline.org/donatefunds/,"Clallam, Cowlitz, Grays Harbor, Island, Jefferson, King, Kitsap, Lewis, Mason, Pacific, Pierce, San Juan, Skagit, Snohomish, Thurston, Wahkiakum, Whatcom"
Washington,Spokane County,Second Harvest Inland Northwest,509.534.6678,1234 E. Front Avenue,Spokane,WA,99202,,,,,www.2-harvest.org,https://2-harvest.org/donate-now/,"Benewah, Bonner, Boundary, Kootenai, Shoshone, Adams, Asotin, Benton, Chelan, Columbia, Douglas, Ferry, Franklin, Garfield, Grant, Kittitas, Klickitat, Lincoln, Okanogan, Pend Oreille, Skamania, Spokane, Stevens, Walla Walla, Whitman, Yakima"
Wisconsin,Dane County,Second Harvest Foodbank of Southern Wisconsin,608.223.9121,2802 Dairy Drive,Madison,WI,53718,,,,,www.secondharvestmadison.org/,https://www.secondharvestmadison.org/donation-pages/donate,"Adams, Columbia, Crawford, Dane, Dodge, Grant, Green, Iowa, Jefferson, Juneau, Lafayette, Monroe, Richland, Rock, Sauk, Vernon"
Wisconsin,Milwaukee County,Feeding America Eastern Wisconsin,414.931.7400,1700 W. Fond Du Lac Avenue,Milwaukee,WI,53205,,,,,www.feedingamericawi.org/,https://feedingamericawi.org/donate-now/,"Brown, Calumet, Dodge, Door, Florence, Fond Du Lac, Forest, Green Lake, Jefferson, Kenosha, Kewaunee, Langlade, Lincoln, Manitowoc, Marathon, Marinette, Marquette, Menominee, Milwaukee, Oconto, Oneida, Outagamie, Ozaukee, Portage, Racine, Shawano, Sheboygan, Vilas, Walworth, Washington, Waukesha, Waupaca, Waushara, Winnebago, Wood"
West Virginia,Braxton County,Mountaineer Food Bank,304.364.5518,484 Enterprise Drive,Gassaway,WV,26624,,,,,www.mountaineerfoodbank.org,https://www.mountaineerfoodbank.org/home/donate1,"Barbour, Berkeley, Boone, Braxton, Brooke, Calhoun, Clay, Doddridge, Fayette, Gilmer, Grant, Greenbrier, Hampshire, Hancock, Hardy, Harrison, Jackson, Jefferson, Kanawha, Lewis, Mc Dowell, Marion, Marshall, Mercer, Mineral, Monongalia, Monroe, Morgan, Nicholas, Ohio, Pendleton, Pleasants, Pocahontas, Preston, Raleigh, Randolph, Ritchie, Roane, Summers, Taylor, Tucker, Tyler, Upshur, Webster, Wetzel, Wirt, Wood, Wyoming"
West Virginia,Cabell County,Facing Hunger Foodbank,304.523.6029,1327 Seventh Avenue,Huntington,WV,25701,,,,,facinghunger.org,https://facinghunger.org/how-to-help/donate-funds,"Boyd, Greenup, Lawrence, Martin, Lawrence, Cabell, Lincoln, Logan, Mason, Mingo, Putnam, Wayne"
